Track URI,Track Name,Album Name,Artist Name(s),Release Date,Duration (ms),Popularity,Explicit,Added By,Added At,Genres,Record Label,Danceability,Energy,Key,Loudness,Mode,Speechiness,Acousticness,Instrumentalness,Liveness,Valence,Tempo,Time Signature
spotify:track:3NEd95cTt10M4uzc5EAZlQ,"Last of Mohicans","Last of Mohicans","DJ Nano;Dany Bpm",2020-04-16,250489,39,false,21ccj5pxwazjl6lctb5kboswq,2026-04-18T08:33:56Z,"","Natas Records",0.281,0.832,2,-3.939,0,0.0383,0.00582,0.0000108,0.0719,0.0496,102.533,3
spotify:track:4oaZRvZMytQvISa6A0ZKx0,"Gladiator x Now We Are Free - Summer Version","Gladiator x Now We Are Free (Summer Version)","LABACK;Alexis Carlier",2024-05-10,219375,67,false,21ccj5pxwazjl6lctb5kboswq,2026-04-18T08:33:56Z,"","3023473 Records DK2",0.777,0.85,6,-5.662,0,0.0356,0.16,0.000965,0.0566,0.0744,128.036,4
spotify:track:6mnu1V8wlR473pMxUrNQUT,"Discotek People - Raga Edit","My Space (10Th Anniversary) (Pop Oriented)","Molella",2007-04-18,220656,42,false,21ccj5pxwazjl6lctb5kboswq,2026-04-18T08:33:56Z,"italo dance,eurodance","Do It Yourself",0.896,0.817,0,-8.47,1,0.0369,0.0769,0.0201,0.0432,0.819,135.004,4
spotify:track:3hWfKBt3n7j1xqIy6LA5ve,"Astronomia","Astronomia","Vicetone;Tony Igy",2016-09-16,198095,66,false,21ccj5pxwazjl6lctb5kboswq,2026-04-18T08:33:56Z,"edm","b1",0.653,0.945,5,-2.634,1,0.096,0.00561,0.915,0.439,0.326,126.093,4
spotify:track:5TZuixC0OvZXP2LwaltSvt,"Exhibition Only (Feat Life Of Pappa)","Exhibition Only (Feat Life Of Pappa)","Noise Cartel;Hans Glock",2024-03-15,195096,20,false,21ccj5pxwazjl6lctb5kboswq,2026-04-18T08:33:56Z,"hardstyle,hard techno,hardcore,gabber","Be Legendary",0.557,0.983,10,-1.347,0,0.1,0.00466,0.00303,0.355,0.172,154.991,4
spotify:track:1H5VQuShs4qfwBXyHF0PeH,"Narcotic - Radio Edit","Narcotic","Liquido",1998-07-10,236150,36,false,21ccj5pxwazjl6lctb5kboswq,2026-04-18T08:33:56Z,"","Liquido Music",0.617,0.607,1,-7.015,1,0.0231,0.000876,0.0701,0.0918,0.446,102.068,4
spotify:track:4B9FEh5bdfySN9wlTXHqJK,"Super (Riscaldamento)","Super","Gigi D'Agostino & Albertino;Albertino",2009-11-01,239053,45,false,21ccj5pxwazjl6lctb5kboswq,2026-04-18T08:33:56Z,"italo dance","ZYX Music / Media Records",0.828,0.914,11,-5.65,1,0.0702,0.0173,0.0373,0.127,0.562,133.993,4
spotify:track:1dxLYXCbQ7siwdXI4IPrWw,"Water Verve (Mixed) - DJ Quicksilver Remix","Trance Top 1000 - Mini Mix 010","Mark Van Dale;Enrico;DJ Quicksilver",2019-07-05,100874,46,false,21ccj5pxwazjl6lctb5kboswq,2026-04-18T08:33:56Z,"trance,holandesa,eurodance","Armada Music Albums",0.714,0.891,9,-8.775,1,0.0345,0.0145,0.903,0.207,0.79,133.346,4
spotify:track:0vZCG0H9KhtU7K8MEUVAoV,"Tsunami","Tsunami","DVBBS;Borgeous",2013-09-02,236706,69,false,21ccj5pxwazjl6lctb5kboswq,2026-04-18T08:33:56Z,"edm,big room,slap house,electrónica","Doorn Records",0.699,0.839,4,-5.353,0,0.0481,0.0483,0.655,0.0897,0.264,128.026,4
spotify:track:6r7FXNO57mlZCBY6PXcZZT,"Five Hours","Five Hours","Deorro",2014-10-14,326887,66,false,21ccj5pxwazjl6lctb5kboswq,2026-04-18T08:33:56Z,"melbourne bounce,electro house","Ultra Records, LLC",0.88,0.821,5,-2.545,0,0.118,0.0197,0.661,0.234,0.575,127.907,4
spotify:track:4TuNI3WEMyLQAKRMJmcQdA,"Narco","Narco","Blasterjaxx;Timmy Trumpet",2017-11-13,208634,66,false,21ccj5pxwazjl6lctb5kboswq,2026-04-18T08:33:56Z,"big room,edm,melbourne bounce","MAXXIMIZE",0.764,0.943,8,-4.047,1,0.0711,0.00784,0.104,0.0699,0.207,129.961,4
spotify:track:3rHxDEn7iVyRy4POwGOUy9,"Winter (Classical Techno)","Winter (Classical Techno)","Ardo;Jake Alva",2024-01-05,144966,56,false,21ccj5pxwazjl6lctb5kboswq,2026-04-18T08:33:56Z,"","CHAPTER EIGHT",0.555,0.942,5,-3.755,0,0.126,0.0615,0.818,0.0793,0.177,149.544,4
spotify:track:6KEBAGRMi221yIwmdDyYW9,"Radetzky-Marsch, Op. 228","25 Strauss Favorites","Johann Strauss II;Edouard Strauss Orchestra;Edouard Strauss",2015-08-14,178320,0,false,21ccj5pxwazjl6lctb5kboswq,2026-04-18T08:33:56Z,"clásica,orquestal","VOX",0.501,0.398,9,-17.965,1,0.0393,0.835,0.119,0.194,0.752,110.092,4
spotify:track:3AjSfp5FDvwtMU9XBsbS8j,"Push Up - Main Edit","Push Up (Main Edit)","Creeds",2023-03-31,139300,77,false,21ccj5pxwazjl6lctb5kboswq,2026-04-18T08:33:56Z,"techno,hipertechno,hard techno,tekno","Columbia/B1 Recordings",0.767,0.83,7,-8.78,1,0.206,0.209,0.836,0.0582,0.187,75.023,4
spotify:track:6l514NhnJZJgHgYFeimsWs,"T.N.T. - Techno Remix","T.N.T. (Techno Remix)","Nic Johnston",2024-04-26,137473,61,false,21ccj5pxwazjl6lctb5kboswq,2026-04-18T08:33:56Z,"hipertechno,techno","Future House Cloud",0.755,0.858,10,-4.377,0,0.0822,0.00192,0.000713,0.0963,0.305,139.978,4
spotify:track:1QIAkKPzJ1OUg3YuSRoTdt,"So What","So What","Nic Johnston;ANLIL",2025-02-28,170495,61,false,21ccj5pxwazjl6lctb5kboswq,2026-04-18T08:33:56Z,"hipertechno,techno","Future House Cloud",0.537,0.906,9,-0.883,1,0.197,0.00797,0.0000127,0.139,0.386,154.943,4
spotify:track:3cqZlRpC4lOnxUE7HE3N5k,"Move Your Body - Gabry Ponte Original Radio Edit","Europop","Eiffel 65;Gabry Ponte",1999,268863,1,false,21ccj5pxwazjl6lctb5kboswq,2026-04-18T08:33:56Z,"italo dance,eurodance,europop,slap house","Hits Only",0.745,0.958,7,-9.664,1,0.0287,0.0813,0.324,0.533,0.96,129.962,4
spotify:track:6zW1hkLt5Yw4aWRDAOsDwU,"Time To Rock - Roberto Molinaro Radio Mix","Gabry Ponte","Gabry Ponte;Roberto Molinaro",2009-05-18,214798,48,false,21ccj5pxwazjl6lctb5kboswq,2026-04-18T08:33:56Z,"italo dance,slap house,acid techno,techno,hard techno","Hits Only",0.898,0.814,7,-7.167,1,0.0367,0.0494,0.0166,0.14,0.977,137.002,4
spotify:track:0lIjQwrL3MMKeIQUAOUYVC,"Desert of Love","Made in Italy","Molella",2004-06-27,260728,26,false,21ccj5pxwazjl6lctb5kboswq,2026-04-18T08:33:56Z,"italo dance,eurodance","Liquid Sound",0.692,0.93,3,-7.719,0,0.0388,0.0167,0.0148,0.116,0.375,136.987,4
spotify:track:5qF64CXSuIl3PZvW660aXg,"Bla Bla Bla","The Essential Gigi D\'Agostino","Gigi D'Agostino",2009-11-20,256133,48,false,21ccj5pxwazjl6lctb5kboswq,2026-04-18T08:33:56Z,"italo dance,eurodance","ZYX Music",0.811,0.824,3,-8.371,0,0.0839,0.0814,0.471,0.073,0.963,132.977,4
spotify:track:1SJ5qPR2v6Jztifxb4Ursl,"Moonlight Shadow","The Essential Gigi D\'Agostino","Gigi D'Agostino",2009-11-20,259279,48,false,21ccj5pxwazjl6lctb5kboswq,2026-04-18T08:33:56Z,"italo dance,eurodance","ZYX Music",0.781,0.703,1,-8.326,0,0.032,0.0414,0.0136,0.131,0.829,128.799,4
spotify:track:7oYfwE9BVRcOcKsgJDHJRC,"Elisir (essential)","The Essential Gigi D\'Agostino","Gigi D'Agostino",2009-11-20,149920,37,false,21ccj5pxwazjl6lctb5kboswq,2026-04-18T08:33:56Z,"italo dance,eurodance","ZYX Music",0.837,0.895,7,-8.455,0,0.0365,0.0399,0.00257,0.171,0.898,130.007,4
spotify:track:3Jq7QJtlaAjvXuEfsL9Q9j,"Braveheart 2013 - Dj Substance Remix","Braveheart 2013","DJ Sakin & Friends",2013-01-24,312041,37,false,21ccj5pxwazjl6lctb5kboswq,2026-04-18T08:33:56Z,"trance,eurodance","Clone 2.1 Records",0.646,0.793,2,-6.252,0,0.0381,0.000598,0.849,0.106,0.249,128.023,4
spotify:track:3wSrPtJpnGaUC2hOmJy0BV,"Beast (All as One)","Beast (All as One)","Dimitri Vegas & Like Mike;Ummet Ozcan;Brennan Heart;Dimitri Vegas",2019-11-15,189826,55,false,21ccj5pxwazjl6lctb5kboswq,2026-04-18T08:33:56Z,"big room,electrónica,edm,hardstyle,frenchcore,hardcore","Smash The House",0.333,0.985,5,-2.843,0,0.0563,0.0326,0.769,0.226,0.393,135.24,4
spotify:track:3uXzBSx2eMKRTEP46SZ2fC,"Rattle","Rattle","Bingo Players",2011-10-31,287183,69,false,21ccj5pxwazjl6lctb5kboswq,2026-04-18T08:33:56Z,"big room","Hysteria",0.744,0.957,7,-4.8,1,0.0519,0.00152,0.884,0.352,0.529,127.991,4
spotify:track:7fFlkS4JijAyCEm0cnp1My,"Beethoven Virus","Spatial Jaguar","SJ",2011-05-21,107190,44,false,21ccj5pxwazjl6lctb5kboswq,2026-04-18T08:33:56Z,"","SJ",0.412,0.964,9,-5.107,0,0.275,0.000143,0.939,0.105,0.355,162.097,4
spotify:track:0F3v8p8ZnEGtZDxNcJ5Klq,"Unstoppable - R3HAB Remix","Unstoppable (R3HAB Remix)","Sia;R3HAB",2022-07-08,162352,64,false,21ccj5pxwazjl6lctb5kboswq,2026-04-18T08:33:56Z,"slap house,edm","Monkey Puzzle Records/RCA Records",0.678,0.744,6,-4.058,0,0.234,0.495,0.0000235,0.0631,0.433,101.987,4
spotify:track:1dxLYXCbQ7siwdXI4IPrWw,"Water Verve (Mixed) - DJ Quicksilver Remix","Trance Top 1000 - Mini Mix 010","Mark Van Dale;Enrico;DJ Quicksilver",2019-07-05,100874,46,false,21ccj5pxwazjl6lctb5kboswq,2026-04-18T08:33:56Z,"trance,holandesa,eurodance","Armada Music Albums",0.714,0.891,9,-8.775,1,0.0345,0.0145,0.903,0.207,0.79,133.346,4
spotify:track:6tYYEhNoXlPfjgkMmFpd5k,"Party Shaker - Video Edit","Turn This Club Around (Limited Edition)","R.I.O.;Nicco",2012-08-24,206537,55,false,21ccj5pxwazjl6lctb5kboswq,2026-04-18T08:33:56Z,"","Zoo Digital",0.669,0.923,7,-4.113,1,0.0332,0.0102,0.00000249,0.0659,0.967,127.998,4
spotify:track:0FkLMOUTkSTPSAYkIXQ579,"L'amour Toujours (Small Mix)","L'Amour Toujour","Gigi D'Agostino",2014-05-30,242053,66,false,21ccj5pxwazjl6lctb5kboswq,2026-04-18T08:33:56Z,"italo dance,eurodance","ZYX",0.637,0.878,7,-4.449,1,0.0302,0.0775,0.0227,0.364,0.742,139.053,4
spotify:track:69R5Ot0VZjFd71SOBgivoL,"Show Me Love - Radio Edit","Show Me Love","Laidback Luke;Steve Angello;Robin S",2009-03-24,184846,3,false,21ccj5pxwazjl6lctb5kboswq,2026-04-18T08:33:56Z,"big room,electro house,house progresivo","Mixmash Records",0.653,0.856,5,-4.197,1,0.0638,0.517,0,0.128,0.571,129.955,4
spotify:track:2USlegnFJLrVLpoVfPimKB,"Thunder","Thunder","Gabry Ponte;LUM!X;Prezioso",2021-05-07,160000,78,false,21ccj5pxwazjl6lctb5kboswq,2026-04-18T08:33:56Z,"italo dance,slap house,melbourne bounce","Spinnin' Records",0.67,0.896,1,-4.673,1,0.058,0.0342,0.0000321,0.344,0.403,101.216,3
spotify:track:1H1t63Jv0nX7ayhnoLPIiB,"ResuRection - Maurice West Remix","ResuRection (Maurice West Remix)","Planet Perfecto Knights;Maurice West",2019-02-18,204552,51,false,21ccj5pxwazjl6lctb5kboswq,2026-04-18T08:33:56Z,"trance,big room","Rave Culture",0.738,0.707,4,-4.984,0,0.0585,0.609,0.38,0.0625,0.174,130.004,4
spotify:track:1HCw8XKtTgWWU3JlEUR0qQ,"Bailar (feat. Elvis Crespo) - Radio Edit","Good Evening","Deorro;Elvis Crespo",2017-03-31,137661,57,false,21ccj5pxwazjl6lctb5kboswq,2026-04-18T08:33:56Z,"melbourne bounce,electro house,merengue,latin dance,salsa,latina","Ultra Records, LLC",0.793,0.848,9,-5.327,1,0.121,0.0637,0.226,0.0647,0.455,128.104,4
spotify:track:5MhsZlmKJG6X5kTHkdwC4B,"I'm an Albatraoz","I'm an Albatraoz","AronChupa;Little Sis Nora",2014-08-08,166848,74,true,21ccj5pxwazjl6lctb5kboswq,2026-04-18T08:33:56Z,"electro swing,melbourne bounce","Aron Ekberg",0.883,0.817,0,-5.414,1,0.235,0.601,0.00449,0.11,0.595,128.078,4
spotify:track:5nIrdpo8eXQU3YgZelEXkd,"Shots & Squats","Shots & Squats","Vigiland;Tham Sway",2015-06-05,171799,59,true,21ccj5pxwazjl6lctb5kboswq,2026-04-18T08:33:56Z,"melbourne bounce","Universal Music AB",0.807,0.812,5,-5.009,0,0.106,0.00773,0.000501,0.236,0.242,128.012,4
spotify:track:7Gf1QHOnNvEExTLFSclfiM,"Ah Yeah So What","Ah Yeah So What","Will Sparks;Wiley;Elen Levon",2014-11-13,195000,3,true,21ccj5pxwazjl6lctb5kboswq,2026-04-18T08:33:56Z,"melbourne bounce,big room,techno,grime,uk grime,tropical house","Hussle Recordings",0.678,0.958,0,-3.906,1,0.157,0.0667,0.653,0.18,0.667,127.967,4
spotify:track:0ct6r3EGTcMLPtrXHDvVjc,"The Nights","The Days / Nights","Avicii",2014-01-01,176658,86,false,21ccj5pxwazjl6lctb5kboswq,2026-04-18T08:33:56Z,"edm","Pophouse Entertainment Group",0.527,0.835,6,-5.298,1,0.0433,0.0166,0,0.249,0.654,125.983,4
spotify:track:6pmPYay3TBetdq5GbqGQdZ,"Let's Go! - Radio Edit","Let's Go! (Radio Edit)","DJ Rebel",2013-02-27,211874,40,false,21ccj5pxwazjl6lctb5kboswq,2026-04-18T08:33:56Z,"","BIP Records",0.896,0.943,7,-3.254,1,0.232,0.164,0.0912,0.409,0.5,128.01,4
spotify:track:0C9P00gKzHroC3Et2SQylA,"Like Wooh Wooh - Radio Edit","Like Wooh Wooh","Rnbstylerz",2019-07-30,136189,62,false,21ccj5pxwazjl6lctb5kboswq,2026-04-18T08:33:56Z,"","Intercord",0.833,0.86,1,-5.331,1,0.0675,0.155,0.773,0.103,0.606,124.987,4
spotify:track:31nfdEooLEq7dn3UMcIeB5,"Vois sur ton chemin - Techno Mix","Vois sur ton chemin (Techno Mix)","BENNETT",2023-08-04,178156,80,false,21ccj5pxwazjl6lctb5kboswq,2026-04-18T08:33:56Z,"hipertechno,techno","Warner Music Central Europe",0.634,0.824,2,-3.394,0,0.047,0.0908,0.0711,0.119,0.371,137.959,4
spotify:track:0Gc1AVYqYOR522Nvz68dsT,"The Hum","The Hum","Dimitri Vegas & Like Mike;Ummet Ozcan",2015-05-04,211000,14,false,21ccj5pxwazjl6lctb5kboswq,2026-04-18T08:33:56Z,"big room,electrónica,edm","Smash The House (Armada)",0.728,0.947,11,-3.103,0,0.0458,0.208,0.815,0.367,0.209,130.007,4
spotify:track:3d0pwyoTXmomnQXoVLhBQx,"You Are","You Are","Armin van Buuren;Sunnery James & Ryan Marciano",2017-07-21,177250,39,false,21ccj5pxwazjl6lctb5kboswq,2026-04-18T08:33:56Z,"trance,trance progresivo,house progresivo,electrónica,edm,tribal house","Armada Music",0.754,0.86,1,-3.991,0,0.289,0.0992,0.00232,0.134,0.409,127.953,4
spotify:track:0ZqveF2rEFlz2oqF2xrriP,"The Riddle","L'Amour Toujours","Gigi D'Agostino",1999,285426,69,false,21ccj5pxwazjl6lctb5kboswq,2026-04-18T08:33:56Z,"italo dance,eurodance","ZYX Music",0.74,0.876,6,-6.87,0,0.0369,0.0173,0.00152,0.0785,0.825,127.002,4
spotify:track:28EeESfx2ZLY57yUgi3f2T,"Carillon - Radio Mix","Carillon","Magic Box",2000,210066,41,false,21ccj5pxwazjl6lctb5kboswq,2026-04-18T08:33:56Z,"italo dance,eurodance","Time Records",0.751,0.932,11,-6.288,0,0.0325,0.0182,0.253,0.0956,0.954,136.815,4
spotify:track:5i0D0ueEyBufRsruePeCpg,"La Danza Delle Streghe - Corto Mix","Dottor Jekyll & Mister Dj","Gabry Ponte",2004-01-01,291693,51,false,21ccj5pxwazjl6lctb5kboswq,2026-04-18T08:33:56Z,"italo dance,slap house","Universal Music Italia srL.",0.663,0.893,8,-7.375,0,0.0368,0.00268,0.00856,0.306,0.632,140.002,4
spotify:track:0l3795cAVGOHNdHvooZ25S,"Another Way","L'Amour Toujours","Gigi D'Agostino",1999,363506,62,false,21ccj5pxwazjl6lctb5kboswq,2026-04-18T08:33:56Z,"italo dance,eurodance","ZYX Music",0.928,0.806,7,-7.621,0,0.0346,0.103,0.205,0.0799,0.887,130.012,4
spotify:track:1XdMp6v9Q3N80WnKSbGfl4,"Hollywood","Hollywood","LA Vision;Gigi D'Agostino",2020-05-29,199655,59,false,21ccj5pxwazjl6lctb5kboswq,2026-04-18T08:33:56Z,"italo dance,eurodance","Polydor",0.744,0.793,7,-6.02,0,0.0291,0.00851,0.000231,0.363,0.325,116,4
spotify:track:7uuo02BIR76qZ6ZXQhz7Ys,"Played-A-Live (The Bongo Song)","Episode ll","Safri Duo",2001-01-01,405693,68,false,21ccj5pxwazjl6lctb5kboswq,2026-04-18T08:33:56Z,"clásica electrónica","Universal Music A/S",0.634,0.97,8,-9.585,0,0.0569,0.0156,0.88,0.34,0.202,137.997,4
spotify:track:44DCjBHfvn5s6ZfLHpKmBi,"Freaks","Freaks","Timmy Trumpet;Savage",2014-07-31,168750,78,false,21ccj5pxwazjl6lctb5kboswq,2026-04-18T08:33:56Z,"melbourne bounce,big room","Hussle Recordings",0.886,0.967,4,-0.776,1,0.142,0.0157,0.389,0.239,0.745,128.1,4
spotify:track:0WSjVLITbxV6kVXndziQDm,"Drop That Low (When I Dip)","Drop That Low (When I Dip)","Tujamo",2016-04-01,159999,67,false,21ccj5pxwazjl6lctb5kboswq,2026-04-18T08:33:56Z,"","Spinnin' Records",0.586,0.896,5,-4.132,0,0.372,0.00945,0.836,0.121,0.103,125.744,4
spotify:track:6iLbgkOew6ZJ6BBSXtUYEJ,"Narcotic - Dimitri Vegas vs Ummet Ozcan Remix","Narcotic Remixes (Dimitri Vegas vs Ummet Ozcan Remix / Anton Powers Remix)","YouNotUs;Janieck;Senex;Dimitri Vegas;Ummet Ozcan",2019-10-18,202836,62,false,21ccj5pxwazjl6lctb5kboswq,2026-04-18T08:33:56Z,"electrónica,big room,edm","Columbia/B1 Recordings",0.585,0.867,5,-5.233,0,0.0576,0.0163,0.489,0.0752,0.284,127.913,4
spotify:track:3wLPRjw2XQpmowqXUXb3UF,"Get Up (Rattle) [feat. Far East Movement] - Vocal Edit","Get Up (Rattle) [feat. Far East Movement]","Bingo Players;Far East Movement",2012-12-08,166932,74,false,21ccj5pxwazjl6lctb5kboswq,2026-04-18T08:33:56Z,"big room","Spinnin' Records",0.801,0.985,7,-2.69,1,0.0647,0.0205,0.00000686,0.297,0.72,127.99,4
spotify:track:0MjeQ5T5E50q0d3i72854N,"I Like to Move it - Radio Mix","I Like to Move it (Radio Mix)","Nicola Fasano;Miami Rockets",2016-06-10,158500,57,false,21ccj5pxwazjl6lctb5kboswq,2026-04-18T08:33:56Z,"","disco:wax",0.72,0.929,0,-3.879,0,0.0447,0.042,0.00681,0.0935,0.623,127.985,4
spotify:track:5WcPCjbZalLkmJduC6kIvO,"Vivaldi","Vivaldi","Timmy Trumpet;Mariana BO",2022-01-28,160222,52,false,21ccj5pxwazjl6lctb5kboswq,2026-04-18T08:33:56Z,"melbourne bounce,big room","Tomorrowland Music",0.55,0.931,7,-5.62,1,0.0383,0.0122,0.847,0.407,0.382,135.05,4
spotify:track:2AeZKalqK8SYHE3AE3KOKP,"Lollipop","Lollipop","FOVOS",2023-06-23,144000,66,false,21ccj5pxwazjl6lctb5kboswq,2026-04-18T08:33:56Z,"techno,hard techno","CLUBWRK",0.874,0.664,2,-8.342,1,0.228,0.0543,0.835,0.296,0.085,140.028,4
spotify:track:4c5dHcZ79J0bASxB7LenyG,"Cathedral","Cathedral","DJ Kuba;Neitan;DJ Terry",2025-08-08,193235,54,false,21ccj5pxwazjl6lctb5kboswq,2026-04-18T08:33:56Z,"big room,bass house","HEXHIBITION",0.774,0.973,7,-3.69,1,0.0471,0.0057,0.00779,0.202,0.269,135.995,4
spotify:track:19wgIwKRVTuKbKJB0lnCG5,"The King","The King","Timmy Trumpet;Vitas",2020-07-03,153200,55,false,21ccj5pxwazjl6lctb5kboswq,2026-04-18T08:33:56Z,"melbourne bounce,big room","SINPHONY",0.797,0.656,5,-5.74,1,0.0948,0.0961,0.49,0.0461,0.344,149.998,4
spotify:track:4PHAYuznjsdMRvSh1bjIvt,"Now We Are Free","Save Euphoric","Brennan Heart;Blademasterz;Timmy Trumpet",2024-09-27,190600,53,false,21ccj5pxwazjl6lctb5kboswq,2026-04-18T08:33:56Z,"hardstyle,frenchcore,hardcore,melbourne bounce,big room","I AM HARDSTYLE",0.237,0.682,6,-5.343,0,0.048,0.00351,0.872,0.111,0.0856,149.996,4
spotify:track:67aNGns9ZH1jm6nruyzBGU,"Lullaby","Lullaby","BENNETT",2024-04-26,187394,69,false,21ccj5pxwazjl6lctb5kboswq,2026-04-18T08:33:56Z,"hipertechno,techno","Warner Music Central Europe",0.738,0.805,10,-6.289,0,0.194,0.429,0.28,0.131,0.489,141.995,4
spotify:track:60PzyOeI1kdiLHfERLUzT1,"When We Were Young (The Logical Song)","When We Were Young (The Logical Song) [BENNETT Remix]","David Guetta;Kim Petras",2024-01-12,147432,25,false,21ccj5pxwazjl6lctb5kboswq,2026-04-18T08:33:56Z,"edm","Parlophone UK",0.657,0.914,0,-4.513,0,0.0523,0.0526,0.00000632,0.109,0.502,139.989,4
spotify:track:5oAyw9c4VvHaEdiAfLQobC,"Blade","Blade","DJ Kuba;Neitan;Bounce Inc.",2024-01-05,189926,66,false,21ccj5pxwazjl6lctb5kboswq,2026-04-18T08:33:56Z,"big room,bass house,melbourne bounce","Future House Music",0.625,0.991,10,-4.705,0,0.102,0.118,0.911,0.301,0.429,135.967,4
spotify:track:5Hroj5K7vLpIG4FNCRIjbP,"Best Day Of My Life","Oh, What A Life","American Authors",2014-01-01,194240,81,false,21ccj5pxwazjl6lctb5kboswq,2026-04-18T08:34:19Z,"","Island Records",0.673,0.902,2,-2.392,1,0.0346,0.0591,0.000227,0.0558,0.536,100.012,4
spotify:track:4sigEqg7SMeZsn8haXoloU,"Wonderwall","Wonderwall","TEEMID",2020-05-27,246500,68,false,21ccj5pxwazjl6lctb5kboswq,2026-04-18T08:34:19Z,"","Inside Records",0.7,0.705,5,-6.026,1,0.0414,0.148,0.0343,0.161,0.521,99.97,4
spotify:track:2YpeDb67231RjR0MgVLzsG,"Old Town Road (feat. Billy Ray Cyrus) - Remix","7","Lil Nas X;Billy Ray Cyrus",2019-06-21,157066,79,false,21ccj5pxwazjl6lctb5kboswq,2026-04-18T08:34:19Z,"","Columbia",0.878,0.619,6,-5.56,1,0.102,0.0533,0,0.113,0.639,136.041,4
spotify:track:5nEdwtSv0qqeE0l4o1lR4q,"(When You Gonna) Give It Up to Me - Radio Version","(When You Gonna) Give It Up to Me","Sean Paul;Keyshia Cole",2006-09-30,243880,92,false,21ccj5pxwazjl6lctb5kboswq,2026-04-18T08:34:19Z,"dancehall,r&b","VP Records",0.711,0.761,8,-3.04,1,0.225,0.067,0,0.041,0.718,95.824,4
spotify:track:3wuCCNCnBhJlwkIJTBZFiv,"They Don't Care About Us","HIStory - PAST, PRESENT AND FUTURE - BOOK I","Michael Jackson",1995-06-16,284310,85,false,21ccj5pxwazjl6lctb5kboswq,2026-04-18T08:34:19Z,"","Epic",0.859,0.905,0,-5.539,0,0.129,0.205,0.00837,0.322,0.731,89.946,4
spotify:track:6HjtZWIo0bh0KLD8Tq4ujR,"DotA - Radio Edit","LOL (2008 yellow bonus version/no videos_France)","Basshunter",2006,200560,67,false,21ccj5pxwazjl6lctb5kboswq,2026-04-18T08:34:19Z,"eurodance,europop","WM Sweden",0.46,0.962,0,-6.447,1,0.112,0.0084,0.00199,0.186,0.532,140.047,4
spotify:track:5oTqyRhWdpD7q4PYkLlUQD,"Always Remember Us This Way","Always Remember Us This Way","DJ Tons",2021-09-06,234981,63,false,21ccj5pxwazjl6lctb5kboswq,2026-04-18T08:34:19Z,"","DJ Tons",0.734,0.98,7,-4.264,1,0.0421,0.123,0.0809,0.0666,0.979,135.011,4
spotify:track:4pt5fDVTg5GhEvEtlz9dKk,"I WANNA BE YOUR SLAVE","Teatro d'ira - Vol. I","Måneskin",2021-03-19,173346,86,true,21ccj5pxwazjl6lctb5kboswq,2026-04-18T08:34:19Z,"","RCA Records Label",0.75,0.608,1,-4.008,1,0.0387,0.00165,0,0.178,0.958,132.507,4
spotify:track:3zNNXjjjeLrzIXSJZKalDi,"I Follow Rivers - The Magician Remix","Wounded Rhymes (Anniversary Edition)","Lykke Li;The Magician",2021-07-16,279635,78,false,21ccj5pxwazjl6lctb5kboswq,2026-04-18T08:34:19Z,"","WM UK",0.785,0.7,9,-5.81,0,0.0406,0.0179,0.00251,0.0823,0.296,122.031,4
spotify:track:0b18g3G5spr4ZCkz7Y6Q0Q,"Rasputin","Rasputin","Majestic;Boney M.",2021-02-26,186209,82,false,21ccj5pxwazjl6lctb5kboswq,2026-04-18T08:34:19Z,"disco","NITRON music",0.758,0.913,6,-2.926,0,0.113,0.00364,0.0000692,0.193,0.658,128.04,4
spotify:track:6kWJvPfC4DgUpRsXKNa9z9,"All That She Wants","The Sign","Ace of Base",1993-12-24,211213,83,false,21ccj5pxwazjl6lctb5kboswq,2026-04-18T08:34:19Z,"eurodance,europop","Playground Music",0.798,0.625,11,-9.689,1,0.0548,0.00547,0.0000798,0.103,0.858,93.764,4
spotify:track:7eYzn1CuiJK6VvUhf8zA6k,"WHERE IS MY HUSBAND!","THIS MUSIC MAY CONTAIN HOPE.","RAYE",2026-03-27,197142,88,false,21ccj5pxwazjl6lctb5kboswq,2026-04-18T08:34:19Z,"","Human Re Sources",0.39,0.781,8,-7.04,1,0.0918,0.0599,0,0.14,0.628,115.939,4
spotify:track:3XIEWK1V9n25PS9Vb6axj5,"Born to Be Alive - The Original","Born to Be Alive (The Original)","Patrick Hernandez",1978,188133,77,false,21ccj5pxwazjl6lctb5kboswq,2026-04-18T08:34:19Z,"disco,hi-nrg","Van Loo Music",0.704,0.868,2,-5.808,1,0.0315,0.0834,0,0.206,0.808,131.468,4
spotify:track:2nNvQ15a2rHTiZKXITDDqI,"Stand By Me - Summer Version","Stand By Me (Summer Version)","LABACK;Dave Fenley",2024-10-10,157440,65,false,21ccj5pxwazjl6lctb5kboswq,2026-04-18T08:34:19Z,"","3023473 Records DK2",0.755,0.824,7,-5.341,1,0.032,0.00482,0.000746,0.0464,0.873,124.989,4
spotify:track:0h3Xy4V4apMraB5NuM8U7Z,"Stumblin' In","Stumblin' In","CYRIL",2023-11-10,213363,83,false,21ccj5pxwazjl6lctb5kboswq,2026-04-18T08:34:19Z,"","Spinnin' Records",0.875,0.518,2,-8.388,1,0.0551,0.0638,0.00995,0.125,0.37,126.089,4
spotify:track:4Y7XAxTANhu3lmnLAzhWJW,"Fireball (feat. John Ryan)","Globalization","Pitbull;John Ryan",2014-11-24,236253,84,false,21ccj5pxwazjl6lctb5kboswq,2026-04-18T08:34:19Z,"","Mr.305/Polo Grounds Music/RCA Records",0.761,0.933,10,-5.38,1,0.056,0.0908,0.0000853,0.0607,0.836,122.959,4
spotify:track:2X7jfQnEMQYYmvkhr6mzS9,"Brother Louie Mix '98 (feat. Eric Singleton) - Radio Edit","Back For Good/2nd","Modern Talking;Eric Singleton",1998-05-11,204306,76,false,21ccj5pxwazjl6lctb5kboswq,2026-04-18T08:34:19Z,"europop,disco italiana,eurodance,tropical house","Hansa Local",0.769,0.971,2,-3.78,0,0.0432,0.0173,0.0892,0.314,0.969,118.135,4
spotify:track:1nXTM2CVdaoCySSD5kgt3J,"Sweat (A La La La La Long)","Sweat (A La La La La Long)","Inner Circle",1992-06-02,229000,78,false,21ccj5pxwazjl6lctb5kboswq,2026-04-18T08:34:19Z,"reggae,roots reggae","DubShot Records/Sound Bwoy Ent",0.786,0.803,0,-6.59,1,0.205,0.0294,0,0.224,0.949,173.029,4
spotify:track:0OVoLgOaeEaRcoq3MLUy5E,"Give Love","Pilgrimage","MC YOGI",2012-06-19,218920,28,false,21ccj5pxwazjl6lctb5kboswq,2026-04-18T08:34:19Z,"","MC YOGI Music",0.669,0.586,0,-6.872,1,0.047,0.0441,0,0.426,0.337,100.004,4
spotify:track:2J2Z1SkXYghSajLibnQHOa,"Unstoppable","This Is Acting","Sia",2016-01-29,217746,82,false,21ccj5pxwazjl6lctb5kboswq,2026-04-18T08:34:19Z,"","Monkey Puzzle Records/RCA Records",0.468,0.779,9,-4.839,1,0.0779,0.112,0.000373,0.101,0.26,173.799,4
spotify:track:2U8NXPTXZWG2O0ye2sYRiH,"I Love It (feat. Charli XCX)","THIS IS... ICONA POP","Icona Pop;Charli xcx",2013-08-23,157152,79,true,21ccj5pxwazjl6lctb5kboswq,2026-04-18T08:34:19Z,"hyperpop,art pop","Record Company TEN/Big Beat/ATL",0.711,0.906,8,-2.671,1,0.0284,0.00952,0.0000164,0.153,0.824,125.916,4
spotify:track:3XJQz97R6A7bXn8awvFknM,"Together","Together","David Guetta;Hypaton;Bonnie Tyler",2025-07-04,153750,71,false,21ccj5pxwazjl6lctb5kboswq,2026-04-18T08:34:19Z,"edm","Atlantic Records UK",0.465,0.86,8,-4.302,1,0.049,0.0226,0.0000219,0.277,0.102,128.096,4
spotify:track:5kQIAjFMBsjWgWxmGjCM63,"Be My Baby","Be My Baby","Phil Walker",2024-06-28,138461,64,false,21ccj5pxwazjl6lctb5kboswq,2026-04-18T08:34:19Z,"","Phil Walker",0.409,0.66,1,-6.79,0,0.11,0.119,0,0.537,0.206,130.335,4
spotify:track:1EytZ5aKjaGDsk8ujrFWoV,"Three Little Birds","Three Little Birds","Timmy Trumpet;Prezioso;71 Digits",2022-09-02,156630,58,false,21ccj5pxwazjl6lctb5kboswq,2026-04-18T08:34:19Z,"melbourne bounce,big room,italo dance,slap house","Spinnin' Records",0.478,0.787,9,-5.196,1,0.113,0.00508,0.00244,0.0522,0.383,103.563,3
spotify:track:2goLsvvODILDzeeiT4dAoR,"Believe","Believe","Cher",1998,239026,83,false,21ccj5pxwazjl6lctb5kboswq,2026-04-18T08:34:19Z,"","Warner Records",0.652,0.917,6,-6.72,1,0.0548,0.0082,0,0.0509,0.459,132.975,4
spotify:track:5A5bLKdL5I3k3FTEQlAUw7,"Following the Sun","Following the Sun","SUPER-Hi;NEEKA",2021-08-20,205000,76,false,21ccj5pxwazjl6lctb5kboswq,2026-04-18T08:34:19Z,"","BLENDED",0.734,0.828,6,-4.433,0,0.033,0.398,0.0225,0.136,0.717,127.023,4
spotify:track:6XXQA6e8qXPJ1sZtRxvbws,"El Fin del Mundo","La la Love You Bonus","La La Love You;Axolotes Mexicanos",2020-12-11,188093,78,false,21ccj5pxwazjl6lctb5kboswq,2026-04-18T08:34:19Z,"","Subterfuge Records distributed by Altafonte",0.602,0.865,4,-4.594,1,0.0474,0.000849,0,0.094,0.671,127.054,4
spotify:track:69uxyAqqPIsUyTO8txoP2M,"Adventure of a Lifetime","A Head Full of Dreams","Coldplay",2015-12-04,263786,88,false,21ccj5pxwazjl6lctb5kboswq,2026-04-18T08:34:19Z,"","Parlophone UK",0.638,0.924,7,-3.887,1,0.036,0.00205,0.000175,0.149,0.53,111.995,4
spotify:track:1aYkkrAbPmMuorVz5HWIqE,"The Look","Look Sharp!","Roxette",1988-10-21,237320,77,false,21ccj5pxwazjl6lctb5kboswq,2026-04-18T08:34:19Z,"pop sueco","WM Sweden",0.634,0.838,2,-5.363,1,0.0413,0.0527,0.00000834,0.0522,0.541,95.011,4
spotify:track:1rIKgCH4H52lrvDcz50hS8,"Lush Life","So Good","Zara Larsson",2017-03-17,200646,94,false,21ccj5pxwazjl6lctb5kboswq,2026-04-18T08:34:19Z,"","Epic/Record Company TEN",0.694,0.712,7,-3.923,0,0.046,0.132,0,0.211,0.799,98.023,4
spotify:track:4vhAWQcNWnMeCXBmhglP2W,"My Heart Will Go On","My Heart Will Go On","LABACK;Alexis Carlier",2024-06-14,188554,66,false,21ccj5pxwazjl6lctb5kboswq,2026-04-18T08:34:19Z,"","Laback",0.761,0.808,5,-5.519,1,0.0306,0.335,0.203,0.0736,0.401,128.034,4
spotify:track:0xg8zLBMPYUMtM9IkeVdKh,"The Power Of Love","From Down Under","CYRIL",2024-08-09,278395,68,false,21ccj5pxwazjl6lctb5kboswq,2026-04-18T08:34:19Z,"","Spinnin' Records",0.838,0.542,8,-5.402,1,0.297,0.443,0.00259,0.124,0.15,127.968,4
spotify:track:4QNpBfC0zvjKqPJcyqBy9W,"Give Me Everything (feat. Nayer)","Planet Pit (Deluxe Version)","Pitbull;AFROJACK;Ne-Yo;Nayer",2011-06-17,252306,90,false,21ccj5pxwazjl6lctb5kboswq,2026-04-18T08:34:19Z,"edm,big room","Mr.305/Polo Grounds Music/J Records",0.671,0.939,8,-3.206,1,0.161,0.191,0,0.298,0.53,129.024,4
spotify:track:4l2ljvyXOCVNbD5ff7NpM7,"I Like to Move It (feat. The Mad Stuntman) - Erick ""More"" Album Mix","Move It!","Reel 2 Real;Erick Morillo;The Mad Stuntman",1994-10-10,230760,72,false,21ccj5pxwazjl6lctb5kboswq,2026-04-18T08:34:19Z,"eurodance,soca","Strictly Rhythm Records",0.863,0.781,5,-8.546,0,0.0785,0.0394,0.000292,0.125,0.764,122.938,4
spotify:track:0Gp23ds4JDUwan98IfNNL5,"Bittersweet Symphony","REVIVE","GAMPER & DADONI;Emily Roberts",2024-11-22,194618,71,false,21ccj5pxwazjl6lctb5kboswq,2026-04-18T08:34:19Z,"tropical house","Big Top Amsterdam",0.676,0.582,9,-7.58,1,0.128,0.221,0.00628,0.515,0.447,124.012,4
spotify:track:2KgCPRTAECwNbJG1uYdfjl,"Stamp On The Ground","Stamp!","ItaloBrothers",2010-12-10,197961,70,false,21ccj5pxwazjl6lctb5kboswq,2026-04-18T08:34:19Z,"italo dance","Punch",0.635,0.827,11,-7.541,0,0.0583,0.211,0.00719,0.0947,0.272,149.974,4
spotify:track:6pPWRBubXOBAHnjl5ZIujB,"The Best","Foreign Affair","Tina Turner",1989-09-13,329800,76,false,21ccj5pxwazjl6lctb5kboswq,2026-04-18T08:34:19Z,"","Parlophone UK",0.662,0.737,0,-9.54,1,0.0296,0.108,0.0191,0.119,0.744,103.867,4
spotify:track:3xkHsmpQCBMytMJNiDf3Ii,"Beautiful Things","Fireworks & Rollerblades","Benson Boone",2024-04-05,180304,89,false,21ccj5pxwazjl6lctb5kboswq,2026-04-18T08:34:19Z,"","Night Street Records, Inc./Warner Records Inc.",0.472,0.471,10,-5.692,1,0.0603,0.151,0,0.14,0.219,105.029,3
spotify:track:6ebkx7Q5tTxrCxKq4GYj0Y,"Club Can't Handle Me (feat. David Guetta)","Only One Flo (Part 1)","Flo Rida;David Guetta",2010-11-24,234560,84,false,21ccj5pxwazjl6lctb5kboswq,2026-04-18T08:34:19Z,"edm","Poe Boy/Atlantic",0.616,0.869,0,-3.911,1,0.0327,0.0283,0,0.064,0.473,127.966,4
spotify:track:4odiyU3myG29Ld0wurMfE8,"She Doesn't Mind","Tomahawk Technique","Sean Paul",2012-01-24,227786,80,false,21ccj5pxwazjl6lctb5kboswq,2026-04-18T08:34:19Z,"dancehall","VP Records",0.718,0.776,7,-5.208,0,0.0693,0.000624,0.0000053,0.207,0.622,120.015,4
spotify:track:7J1uxwnxfQLu4APicE5Rnj,"Billie Jean","Thriller","Michael Jackson",1982-11-30,293802,89,false,21ccj5pxwazjl6lctb5kboswq,2026-04-18T08:34:19Z,"","Epic",0.932,0.457,11,-9.62,0,0.0541,0.0173,0.0436,0.0414,0.884,117.002,4
spotify:track:0oTMkYBSISoxinLAJtJytj,"Nothing's Gonna Stop Us Now - House-Mix","Nothing's Gonna Stop Us Now (House-Mix)","TTO",2024-03-01,124405,65,false,21ccj5pxwazjl6lctb5kboswq,2026-04-18T08:34:19Z,"","Mood of Sound",0.786,0.73,1,-5.154,1,0.323,0.0173,0.00000254,0.188,0.608,128.011,4
spotify:track:319J2YqAVDmQXpUJGCxDkv,"Like A Prayer","Like A Prayer","Madism;Masove;Brendan Mills;Tess Burrstone",2021-07-23,183991,61,false,21ccj5pxwazjl6lctb5kboswq,2026-04-18T08:34:19Z,"tropical house","Soave Records",0.67,0.848,4,-4.437,1,0.0501,0.0134,0.00000985,0.332,0.373,124.019,4
spotify:track:1TfqLAPs4K3s2rJMoCokcS,"Sweet Dreams (Are Made of This) - 2005 Remaster","Sweet Dreams (Are Made Of This)","Eurythmics;Annie Lennox;Dave Stewart",1983-01-04,216933,86,false,21ccj5pxwazjl6lctb5kboswq,2026-04-18T08:34:19Z,"new wave,synthpop","RCA Records Label",0.692,0.711,0,-7.498,0,0.0317,0.225,0,0.12,0.875,125.135,4
spotify:track:27SdWb2rFzO6GWiYDBTD9j,"Cheap Thrills","This Is Acting","Sia",2016-01-29,211666,80,false,21ccj5pxwazjl6lctb5kboswq,2026-04-18T08:34:19Z,"","Monkey Puzzle Records/RCA Records",0.628,0.698,6,-5.608,0,0.105,0.0472,0.00143,0.0907,0.732,89.976,4
spotify:track:2tUBqZG2AbRi7Q0BIrVrEj,"I Wanna Dance with Somebody (Who Loves Me)","Whitney","Whitney Houston",1987-06-02,292875,85,false,21ccj5pxwazjl6lctb5kboswq,2026-04-18T08:34:19Z,"","Arista/Legacy",0.709,0.824,1,-8.824,1,0.0453,0.207,0.000307,0.0888,0.867,118.818,4
spotify:track:1di1BEgJYzPvXUuinsYJGP,"Everybody (Backstreet's Back) - Radio Edit","Backstreet's Back","Backstreet Boys",1997-08-12,225360,81,false,21ccj5pxwazjl6lctb5kboswq,2026-04-18T08:34:19Z,"","Jive",0.731,0.853,10,-4.219,0,0.0363,0.0352,0,0.268,0.605,108.016,4
spotify:track:5KChksVHlMKZEtSjDBop4G,"Forever Young","Forever Young","LABACK",2024-10-28,188571,62,false,21ccj5pxwazjl6lctb5kboswq,2026-04-18T08:34:19Z,"","3023473 Records DK2",0.624,0.9,0,-4.45,1,0.0305,0.0531,0.00000486,0.235,0.362,125.982,4
spotify:track:2aSjWonALEwE3wTpjYMvc7,"There She Goes","There She Goes","CYRIL;MOONLGHT;The La's",2025-05-16,121874,74,false,21ccj5pxwazjl6lctb5kboswq,2026-04-18T08:34:19Z,"britpop,jangle pop","Spinnin' Records",0.806,0.89,7,-5.346,1,0.0678,0.00291,0.000718,0.0996,0.321,127.953,4
spotify:track:6Xe9wT5xeZETPwtaP2ynUz,"Levels - Original Version","Levels","Avicii",2011-10-28,338866,70,false,21ccj5pxwazjl6lctb5kboswq,2026-04-18T11:27:07Z,"edm","Pophouse Entertainment Group",0.602,0.834,1,-6.573,0,0.0358,0.0297,0.887,0.34,0.353,125.99,4
spotify:track:0SML6wWerD0yI2Xd4OUC1R,"Better Off (Alone, Pt. III)","Walkerworld","Alan Walker;Dash Berlin;Vikkstar",2023-11-10,151702,78,false,21ccj5pxwazjl6lctb5kboswq,2026-04-18T11:27:14Z,"trance,big room","MER Recordings",0.507,0.692,9,-5.199,0,0.0453,0.0304,0,0.151,0.375,129.803,4
spotify:track:2GYHyAoLWpkxLVa4oYTVko,"Alors on danse - Radio Edit","Cheese","Stromae",2010-01-01,206066,82,false,21ccj5pxwazjl6lctb5kboswq,2026-04-18T11:27:28Z,"pop francés","Universal Music Distributed Labels",0.79,0.593,1,-9.204,0,0.0776,0.0983,0.00202,0.065,0.72,119.958,4
spotify:track:3YB6nCSuFqNiqOvPtAPK9X,"Be My Lover","Sweet Dreams","La Bouche",1995-03-11,241133,78,false,21ccj5pxwazjl6lctb5kboswq,2026-04-18T11:27:38Z,"eurodance,europop","MCI",0.673,0.841,1,-10.171,0,0.0304,0.00307,0.0000126,0.952,0.809,134.804,4
